Frame,Angle,Area
1,67.81758429472134,0.7120512717685342
2,16.909657764514755,0.7690130850699737
3,38.97702921267638,0.8388245894630287
4,58.233170013273174,0.7388249878958247
5,33.868616288441196,0.5150397848631422
6,53.12207128478886,0.8425048186853108
7,53.58833058373209,1.0457290748694337
