Image Number,Normal Angle (degrees),Visible Area (m^2)
1,67.79269809555953,0.71266895241772
2,16.930689382207188,0.7706428872564856
3,38.98822232855929,0.839471668019076
4,58.6503008898624,0.7486545463284545
5,33.93801626805049,0.5907057008078613
6,52.88634792936847,0.8450741577869715
7,53.53562585584846,1.0456173312140835
